{"paths": {"admin/img/nav-bg.gif": "admin/img/nav-bg.5dadb8cd9865.gif", "admin/img/nav-bg-selected.gif": "admin/img/nav-bg-selected.4ebddc881b37.gif", "admin/img/nav-bg-reverse.gif": "admin/img/nav-bg-reverse.bd4701ff1aeb.gif", "admin/img/sorting-icons.gif": "admin/img/sorting-icons.2a27f8855e6b.gif", "admin/img/nav-bg-grabber.gif": "admin/img/nav-bg-grabber.45d7c744bbe8.gif", "admin/img/default-bg.gif": "admin/img/default-bg.af816e70c828.gif", "admin/img/default-bg-reverse.gif": "admin/img/default-bg-reverse.2c9949b0bac0.gif", "admin/img/icon_success.gif": "admin/img/icon_success.08e6b9d922e1.gif", "admin/img/icon_alert.gif": "admin/img/icon_alert.572a03fff47e.gif", "admin/img/icon_error.gif": "admin/img/icon_error.d0272cd88394.gif", "admin/img/icon_addlink.gif": "admin/img/icon_addlink.27872b1581c4.gif", "admin/img/icon_changelink.gif": "admin/img/icon_changelink.76183412227f.gif", "admin/img/icon_deletelink.gif": "admin/img/icon_deletelink.b797f0120322.gif", "admin/img/tooltag-arrowright.png": "admin/img/tooltag-arrowright.5aa2c86314d7.png", "admin/img/tooltag-add.png": "admin/img/tooltag-add.2152fd3b4a4d.png", "admin/img/changelist-bg.gif": "admin/img/changelist-bg.eaa563daae2a.gif", "admin/css/widgets.css": "admin/css/widgets.2753875e2781.css", "admin/img/selector-search.gif": "admin/img/selector-search.a5de786630be.gif", "admin/img/inline-delete-8bit.png": "admin/img/inline-delete-8bit.1c135ffae5f0.png", "admin/img/changelist-bg_rtl.gif": "admin/img/changelist-bg_rtl.db38ab536edc.gif", "admin/img/selector-icons.gif": "admin/img/selector-icons.4549da0d5c7f.gif", "admin/img/deleted-overlay.gif": "admin/img/deleted-overlay.1cd28ce73d7d.gif", "admin/img/inline-restore.png": "admin/img/inline-restore.a14579a2580f.png", "admin/img/inline-delete.png": "admin/img/inline-delete.4df86317f5c4.png", "admin/img/inline-splitter-bg.gif": "admin/img/inline-splitter-bg.3d67b08b4771.gif", "rest_framework/img/grid.png": "rest_framework/img/grid.a4b938cf382b.png", "rest_framework/fonts/glyphicons-halflings-regular.eot": "rest_framework/fonts/glyphicons-halflings-regular.7ad17c6085de.eot", "rest_framework/fonts/glyphicons-halflings-regular.woff": "rest_framework/fonts/glyphicons-halflings-regular.68ed1dac06bf.woff", "rest_framework/fonts/glyphicons-halflings-regular.ttf": "rest_framework/fonts/glyphicons-halflings-regular.e49d52e74b76.ttf", "rest_framework/fonts/glyphicons-halflings-regular.svg": "rest_framework/fonts/glyphicons-halflings-regular.ff423a4251cf.svg", "bootstrap/fonts/glyphicons-halflings-regular.eot": "bootstrap/fonts/glyphicons-halflings-regular.f4769f9bdb74.eot", "bootstrap/fonts/glyphicons-halflings-regular.woff2": "bootstrap/fonts/glyphicons-halflings-regular.448c34a56d69.woff2", "bootstrap/fonts/glyphicons-halflings-regular.woff": "bootstrap/fonts/glyphicons-halflings-regular.fa2772327f55.woff", "bootstrap/fonts/glyphicons-halflings-regular.ttf": "bootstrap/fonts/glyphicons-halflings-regular.e18bbf611f2a.ttf", "bootstrap/fonts/glyphicons-halflings-regular.svg": "bootstrap/fonts/glyphicons-halflings-regular.89889688147b.svg", "uoe-fonts/sourcesanspro-light-webfont.eot": "uoe-fonts/sourcesanspro-light-webfont.8726fa2a84ab.eot", "uoe-fonts/sourcesanspro-light-webfont.woff": "uoe-fonts/sourcesanspro-light-webfont.cfab52dd3831.woff", "uoe-fonts/sourcesanspro-light-webfont.ttf": "uoe-fonts/sourcesanspro-light-webfont.5159e204bbc6.ttf", "uoe-fonts/sourcesanspro-light-webfont.svg": "uoe-fonts/sourcesanspro-light-webfont.eddeeae92dd8.svg", "uoe-fonts/sourcesanspro-regular-webfont.eot": "uoe-fonts/sourcesanspro-regular-webfont.6ae481ad5bfd.eot", "uoe-fonts/sourcesanspro-regular-webfont.woff": "uoe-fonts/sourcesanspro-regular-webfont.7cee763944e7.woff", "uoe-fonts/sourcesanspro-regular-webfont.ttf": "uoe-fonts/sourcesanspro-regular-webfont.a6aeb43bd5dc.ttf", "uoe-fonts/sourcesanspro-regular-webfont.svg": "uoe-fonts/sourcesanspro-regular-webfont.a4e83af67e54.svg", "uoe-fonts/sourcesanspro-semibold-webfont.eot": "uoe-fonts/sourcesanspro-semibold-webfont.24efd0c6d2cc.eot", "uoe-fonts/sourcesanspro-semibold-webfont.woff": "uoe-fonts/sourcesanspro-semibold-webfont.12cc68929b04.woff", "uoe-fonts/sourcesanspro-semibold-webfont.ttf": "uoe-fonts/sourcesanspro-semibold-webfont.64f11768d692.ttf", "uoe-fonts/sourcesanspro-semibold-webfont.svg": "uoe-fonts/sourcesanspro-semibold-webfont.a2b2cbca0d12.svg", "uoe-fonts/sourcesanspro-bold-webfont.eot": "uoe-fonts/sourcesanspro-bold-webfont.c27f1645daac.eot", "uoe-fonts/sourcesanspro-bold-webfont.woff": "uoe-fonts/sourcesanspro-bold-webfont.2084331f33e4.woff", "uoe-fonts/sourcesanspro-bold-webfont.ttf": "uoe-fonts/sourcesanspro-bold-webfont.1ae21e7cd99e.ttf", "uoe-fonts/sourcesanspro-bold-webfont.svg": "uoe-fonts/sourcesanspro-bold-webfont.5ad338aa2cb9.svg", "uoe-fonts/sourcesanspro-lightitalic-webfont.eot": "uoe-fonts/sourcesanspro-lightitalic-webfont.ca8c977e41a8.eot", "uoe-fonts/sourcesanspro-lightitalic-webfont.woff": "uoe-fonts/sourcesanspro-lightitalic-webfont.2ef44c5eb009.woff", "uoe-fonts/sourcesanspro-lightitalic-webfont.ttf": "uoe-fonts/sourcesanspro-lightitalic-webfont.1e046af019c7.ttf", "uoe-fonts/sourcesanspro-lightitalic-webfont.svg": "uoe-fonts/sourcesanspro-lightitalic-webfont.e1153919242f.svg", "uoe-fonts/sourcesanspro-italic-webfont.eot": "uoe-fonts/sourcesanspro-italic-webfont.d1b6b4ac20ec.eot", "uoe-fonts/sourcesanspro-italic-webfont.woff": "uoe-fonts/sourcesanspro-italic-webfont.5f10006e6312.woff", "uoe-fonts/sourcesanspro-italic-webfont.ttf": "uoe-fonts/sourcesanspro-italic-webfont.754005f6673f.ttf", "uoe-fonts/sourcesanspro-italic-webfont.svg": "uoe-fonts/sourcesanspro-italic-webfont.f352997c2a5c.svg", "uoe-fonts/sourcesanspro-semibolditalic-webfont.eot": "uoe-fonts/sourcesanspro-semibolditalic-webfont.082bdc2a713f.eot", "uoe-fonts/sourcesanspro-semibolditalic-webfont.woff": "uoe-fonts/sourcesanspro-semibolditalic-webfont.878c95f5a467.woff", "uoe-fonts/sourcesanspro-semibolditalic-webfont.ttf": "uoe-fonts/sourcesanspro-semibolditalic-webfont.7d7206a71c11.ttf", "uoe-fonts/sourcesanspro-semibolditalic-webfont.svg": "uoe-fonts/sourcesanspro-semibolditalic-webfont.0f2cc825dd9b.svg", "uoe-fonts/sourcesanspro-bolditalic-webfont.eot": "uoe-fonts/sourcesanspro-bolditalic-webfont.cf34f5ab55bb.eot", "uoe-fonts/sourcesanspro-bolditalic-webfont.woff": "uoe-fonts/sourcesanspro-bolditalic-webfont.f6e1225e1918.woff", "uoe-fonts/sourcesanspro-bolditalic-webfont.ttf": "uoe-fonts/sourcesanspro-bolditalic-webfont.b119a02058dd.ttf", "uoe-fonts/sourcesanspro-bolditalic-webfont.svg": "uoe-fonts/sourcesanspro-bolditalic-webfont.bf84244fa360.svg", "images/tick.png": "images/tick.2c0d03979700.png", "images/cross.png": "images/cross.79689639f2cf.png", "images/logo.png": "images/logo.0fe23c8a731a.png", "images/computerGlyphicon.png": "images/computerGlyphicon.ec81317e02cf.png", "images/printerGlyphicon2.png": "images/printerGlyphicon2.9e6596c075c5.png", "images/whiteboardGlyphicon.png": "images/whiteboardGlyphicon.1153e5bb3acd.png", "images/projectorGlyphicon2.png": "images/projectorGlyphicon2.40b5a414a917.png", "admin/img/gis/move_vertex_off.png": "admin/img/gis/move_vertex_off.93ee41d8cad9.png", "admin/img/gis/move_vertex_on.png": "admin/img/gis/move_vertex_on.99be2571b3f6.png", "admin/js/admin/DateTimeShortcuts.js": "admin/js/admin/DateTimeShortcuts.140919a6a17e.js", "admin/js/admin/RelatedObjectLookups.js": "admin/js/admin/RelatedObjectLookups.58b2336c1e19.js", "less/components/banner-header.less": "less/components/banner-header.5013e1967448.less", "less/components/image-feature.less": "less/components/image-feature.4ca872eee1ee.less", "less/components/logo-header.less": "less/components/logo-header.b6199a5715b5.less", "less/components/navbar.less": "less/components/navbar.4507706153b7.less", "less/components/profiles.less": "less/components/profiles.ca1e782b8f4b.less", "admin/css/base.css": "admin/css/base.f0d165989b77.css", "admin/css/changelists.css": "admin/css/changelists.facd9faec460.css", "admin/css/dashboard.css": "admin/css/dashboard.4898e2e9983d.css", "admin/css/forms.css": "admin/css/forms.4d10ed9b5ee5.css", "admin/css/ie.css": "admin/css/ie.2ca52592ccf6.css", "admin/css/login.css": "admin/css/login.9ee3563a2bfe.css", "admin/css/rtl.css": "admin/css/rtl.b619957e18c9.css", "admin/img/icon-no.gif": "admin/img/icon-no.2888642640a3.gif", "admin/img/icon-unknown.gif": "admin/img/icon-unknown.662022bb6ab0.gif", "admin/img/icon-yes.gif": "admin/img/icon-yes.0596085e212f.gif", "admin/img/icon_calendar.gif": "admin/img/icon_calendar.b4704fc81e9d.gif", "admin/img/icon_clock.gif": "admin/img/icon_clock.d65ba15015dd.gif", "admin/img/icon_searchbox.png": "admin/img/icon_searchbox.46952c2c6973.png", "admin/img/inline-restore-8bit.png": "admin/img/inline-restore-8bit.19cd843fa6f9.png", "admin/js/actions.js": "admin/js/actions.42b74ac13f07.js", "admin/js/actions.min.js": "admin/js/actions.min.2893760b9e40.js", "admin/js/calendar.js": "admin/js/calendar.df720acbe7bb.js", "admin/js/collapse.js": "admin/js/collapse.c781bafaf192.js", "admin/js/collapse.min.js": "admin/js/collapse.min.bf4e82bb444b.js", "admin/js/core.js": "admin/js/core.78280057239a.js", "admin/js/inlines.js": "admin/js/inlines.ec5c4bfbf84d.js", "admin/js/inlines.min.js": "admin/js/inlines.min.e3cd9638369f.js", "admin/js/jquery.init.js": "admin/js/jquery.init.575b5609d57c.js", "admin/js/jquery.js": "admin/js/jquery.c0b3962f9f23.js", "admin/js/jquery.min.js": "admin/js/jquery.min.5790ead7ad3b.js", "admin/js/LICENSE-JQUERY.txt": "admin/js/LICENSE-JQUERY.3c2025538601.txt", "admin/js/prepopulate.js": "admin/js/prepopulate.cd237b18d36c.js", "admin/js/prepopulate.min.js": "admin/js/prepopulate.min.4479f53b704f.js", "admin/js/related-widget-wrapper.js": "admin/js/related-widget-wrapper.3641d148e433.js", "admin/js/SelectBox.js": "admin/js/SelectBox.df843afcc450.js", "admin/js/SelectFilter2.js": "admin/js/SelectFilter2.54a4515a9134.js", "admin/js/timeparse.js": "admin/js/timeparse.a298a7ede5c3.js", "admin/js/urlify.js": "admin/js/urlify.687bc28c85b7.js", "rest_framework/css/bootstrap-tweaks.css": "rest_framework/css/bootstrap-tweaks.964c59eecf05.css", "rest_framework/css/bootstrap.min.css": "rest_framework/css/bootstrap.min.385b964b68ac.css", "rest_framework/css/default.css": "rest_framework/css/default.e5a1c7ad6a1a.css", "rest_framework/css/prettify.css": "rest_framework/css/prettify.a987f72342ee.css", "rest_framework/img/glyphicons-halflings-white.png": "rest_framework/img/glyphicons-halflings-white.9bbc6e960299.png", "rest_framework/img/glyphicons-halflings.png": "rest_framework/img/glyphicons-halflings.90233c9067e9.png", "rest_framework/js/bootstrap.min.js": "rest_framework/js/bootstrap.min.abda843684d0.js", "rest_framework/js/default.js": "rest_framework/js/default.3c534d8590c6.js", "rest_framework/js/jquery-1.8.1-min.js": "rest_framework/js/jquery-1.8.1-min.1565a889b7d5.js", "rest_framework/js/prettify-min.js": "rest_framework/js/prettify-min.709bfcc456c6.js", "css/style.css": "css/style.1b62edd17635.css", "images/bookedLogo.png": "images/bookedLogo.078bee531467.png", "images/DiscoverEd.png": "images/DiscoverEd.9012ae1caf8c.png", "images/favicon.ico": "images/favicon.fc1a080581cc.ico", "images/martin.gif": "images/martin.3f4ee46d4ca0.gif", "images/profile.png": "images/profile.47154566dd93.png", "images/stockwoman.gif": "images/stockwoman.6c2d63147137.gif", "images/stockwoman.jpg": "images/stockwoman.e3f71fd7a1cc.jpg", "js/bootstrap.min.js": "js/bootstrap.min.4becdc910462.js", "js/csrf.js": "js/csrf.5830c2bb896d.js", "js/styling.js": "js/styling.827152b36225.js", "less/bookedStyling.less": "less/bookedStyling.20630d5996bb.less", "less/components.less": "less/components.4262c255b2a0.less", "less/fonts.less": "less/fonts.55e72f1e1006.less", "less/myed.less": "less/myed.5a637311240a.less", "less/style.less": "less/style.45afc9b586c2.less", "less/variables.less": "less/variables.5eb002da65de.less", "less/viewport-detection.less": "less/viewport-detection.88804ba7304b.less", "uoe-fonts/crimsontext-bold-webfont.eot": "uoe-fonts/crimsontext-bold-webfont.cb4879544919.eot", "uoe-fonts/crimsontext-bold-webfont.svg": "uoe-fonts/crimsontext-bold-webfont.3868aec398ba.svg", "uoe-fonts/crimsontext-bold-webfont.ttf": "uoe-fonts/crimsontext-bold-webfont.9c0f164b4338.ttf", "uoe-fonts/crimsontext-bold-webfont.woff": "uoe-fonts/crimsontext-bold-webfont.a02ce66b1861.woff", "uoe-fonts/crimsontext-bolditalic-webfont.eot": "uoe-fonts/crimsontext-bolditalic-webfont.e979c176fdfc.eot", "uoe-fonts/crimsontext-bolditalic-webfont.svg": "uoe-fonts/crimsontext-bolditalic-webfont.aa8271f4f727.svg", "uoe-fonts/crimsontext-bolditalic-webfont.ttf": "uoe-fonts/crimsontext-bolditalic-webfont.12e4e5859723.ttf", "uoe-fonts/crimsontext-bolditalic-webfont.woff": "uoe-fonts/crimsontext-bolditalic-webfont.0e5d9c6621ee.woff", "uoe-fonts/crimsontext-italic-demo.html": "uoe-fonts/crimsontext-italic-demo.da58c41ae436.html", "uoe-fonts/crimsontext-italic-webfont.eot": "uoe-fonts/crimsontext-italic-webfont.1be5baaba5fd.eot", "uoe-fonts/crimsontext-italic-webfont.svg": "uoe-fonts/crimsontext-italic-webfont.ccec27dc64f2.svg", "uoe-fonts/crimsontext-italic-webfont.ttf": "uoe-fonts/crimsontext-italic-webfont.79115d4fc907.ttf", "uoe-fonts/crimsontext-italic-webfont.woff": "uoe-fonts/crimsontext-italic-webfont.bb40a8bf826c.woff", "uoe-fonts/crimsontext-roman-demo.html": "uoe-fonts/crimsontext-roman-demo.ec511ec2aa50.html", "uoe-fonts/crimsontext-roman-webfont.eot": "uoe-fonts/crimsontext-roman-webfont.93cd2992def6.eot", "uoe-fonts/crimsontext-roman-webfont.svg": "uoe-fonts/crimsontext-roman-webfont.662feadf9ed9.svg", "uoe-fonts/crimsontext-roman-webfont.ttf": "uoe-fonts/crimsontext-roman-webfont.1563868c4423.ttf", "uoe-fonts/crimsontext-roman-webfont.woff": "uoe-fonts/crimsontext-roman-webfont.dff86750025d.woff", "uoe-fonts/crimsontext-semibold-demo.html": "uoe-fonts/crimsontext-semibold-demo.94db0bef5f92.html", "uoe-fonts/crimsontext-semibold-webfont.eot": "uoe-fonts/crimsontext-semibold-webfont.47fe00c157e4.eot", "uoe-fonts/crimsontext-semibold-webfont.svg": "uoe-fonts/crimsontext-semibold-webfont.991ae38dafa3.svg", "uoe-fonts/crimsontext-semibold-webfont.ttf": "uoe-fonts/crimsontext-semibold-webfont.5a4bb2f05691.ttf", "uoe-fonts/crimsontext-semibold-webfont.woff": "uoe-fonts/crimsontext-semibold-webfont.8930a16a9e74.woff", "uoe-fonts/crimsontext-semibolditalic-demo.html": "uoe-fonts/crimsontext-semibolditalic-demo.7d0642983214.html", "uoe-fonts/crimsontext-semibolditalic-webfont.eot": "uoe-fonts/crimsontext-semibolditalic-webfont.ae4e50123511.eot", "uoe-fonts/crimsontext-semibolditalic-webfont.svg": "uoe-fonts/crimsontext-semibolditalic-webfont.4dfca5644fb0.svg", "uoe-fonts/crimsontext-semibolditalic-webfont.ttf": "uoe-fonts/crimsontext-semibolditalic-webfont.34703151869d.ttf", "uoe-fonts/crimsontext-semibolditalic-webfont.woff": "uoe-fonts/crimsontext-semibolditalic-webfont.f3a0b7d524db.woff", "uoe-fonts/sourcesanspro-black-webfont.eot": "uoe-fonts/sourcesanspro-black-webfont.9024078150bc.eot", "uoe-fonts/sourcesanspro-black-webfont.svg": "uoe-fonts/sourcesanspro-black-webfont.54a20e968754.svg", "uoe-fonts/sourcesanspro-black-webfont.ttf": "uoe-fonts/sourcesanspro-black-webfont.74350b3770f6.ttf", "uoe-fonts/sourcesanspro-black-webfont.woff": "uoe-fonts/sourcesanspro-black-webfont.ad7923792e86.woff", "uoe-fonts/sourcesanspro-blackitalic-webfont.eot": "uoe-fonts/sourcesanspro-blackitalic-webfont.f49d74fec967.eot", "uoe-fonts/sourcesanspro-blackitalic-webfont.svg": "uoe-fonts/sourcesanspro-blackitalic-webfont.4279814e3d1f.svg", "uoe-fonts/sourcesanspro-blackitalic-webfont.ttf": "uoe-fonts/sourcesanspro-blackitalic-webfont.20d74fe5a728.ttf", "uoe-fonts/sourcesanspro-blackitalic-webfont.woff": "uoe-fonts/sourcesanspro-blackitalic-webfont.a80e6689a5b1.woff", "uoe-fonts/sourcesanspro-bold-demo.html": "uoe-fonts/sourcesanspro-bold-demo.1fcf0acbb907.html", "uoe-fonts/sourcesanspro-bolditalic-demo.html": "uoe-fonts/sourcesanspro-bolditalic-demo.e0205f136e00.html", "uoe-fonts/sourcesanspro-extralight-demo.html": "uoe-fonts/sourcesanspro-extralight-demo.b50c31de351e.html", "uoe-fonts/sourcesanspro-extralight-webfont.eot": "uoe-fonts/sourcesanspro-extralight-webfont.90825612c850.eot", "uoe-fonts/sourcesanspro-extralight-webfont.svg": "uoe-fonts/sourcesanspro-extralight-webfont.e3b03eafcb67.svg", "uoe-fonts/sourcesanspro-extralight-webfont.ttf": "uoe-fonts/sourcesanspro-extralight-webfont.dd60dbabfe4f.ttf", "uoe-fonts/sourcesanspro-extralight-webfont.woff": "uoe-fonts/sourcesanspro-extralight-webfont.a30992e20708.woff", "uoe-fonts/sourcesanspro-extralightitalic-demo.html": "uoe-fonts/sourcesanspro-extralightitalic-demo.84ebb3b289d9.html", "uoe-fonts/sourcesanspro-extralightitalic-webfont.eot": "uoe-fonts/sourcesanspro-extralightitalic-webfont.3c2adf4ceed2.eot", "uoe-fonts/sourcesanspro-extralightitalic-webfont.svg": "uoe-fonts/sourcesanspro-extralightitalic-webfont.85c0112f2049.svg", "uoe-fonts/sourcesanspro-extralightitalic-webfont.ttf": "uoe-fonts/sourcesanspro-extralightitalic-webfont.a5ae24fe758f.ttf", "uoe-fonts/sourcesanspro-extralightitalic-webfont.woff": "uoe-fonts/sourcesanspro-extralightitalic-webfont.2ffd7f7b6887.woff", "uoe-fonts/sourcesanspro-italic-demo.html": "uoe-fonts/sourcesanspro-italic-demo.9ec0d0cbc6a2.html", "uoe-fonts/sourcesanspro-light-demo.html": "uoe-fonts/sourcesanspro-light-demo.00760e3605bf.html", "uoe-fonts/sourcesanspro-lightitalic-demo.html": "uoe-fonts/sourcesanspro-lightitalic-demo.2a87d22264d3.html", "uoe-fonts/sourcesanspro-regular-demo.html": "uoe-fonts/sourcesanspro-regular-demo.20c27b45a6d7.html", "uoe-fonts/sourcesanspro-semibold-demo.html": "uoe-fonts/sourcesanspro-semibold-demo.81f364f6af68.html", "uoe-fonts/sourcesanspro-semibolditalic-demo.html": "uoe-fonts/sourcesanspro-semibolditalic-demo.b5e34a559813.html", "rooms/roomsSuggesterScript.js": "rooms/roomsSuggesterScript.e6bec01e227d.js", "pc/pcSuggesterScript.js": "pc/pcSuggesterScript.d8a5b3d41407.js"}, "version": "1.0"}